link,title
/sby/npo/5494025252.html,Housing Coordinator
/sfc/npo/5494016762.html,Front Desk/ Admin Assistant-THS
/eby/npo/5493967718.html,"PROGRAM MANAGER - LCSW or MFT REQUIRED - $10,000 SIGN ON BONUS"
/eby/npo/5493965472.html,DIRECTOR of QUALITY IMPROVEMENT
/eby/npo/5493958238.html,CAREER FAIR 3/18/2016
/eby/npo/5493958086.html,BILINGUAL CASEWORKER
/sfc/npo/5493956977.html,Event Operations Internship
/eby/npo/5493955597.html,CASEWORKER
/sfc/npo/5493951259.html,Contracts and Grants Specialist
/sby/npo/5493949610.html,Assistant Resident Services Coordinator
/sfc/npo/5493949221.html,BILINGUAL MENTAL HEALTH CLINICIAN
/eby/npo/5493934415.html,ðŸ’ª Join the Fight for California's WaterðŸ’§ ($14-$16/hr)
/nby/npo/5493931703.html,"LMFT, LPCC or LCSW Intern, Trainee or PsyD Practicum Opportunity"
/eby/npo/5493925068.html,Local Area Coordinator for Exchange Students
/eby/npo/5493921760.html,Local Area Coordinator for Exchange Students
/pen/npo/5493904349.html,Spanish Speaking Mental Health Therapist
/pen/npo/5493900151.html,Community Resource Center Manager
/sfc/npo/5493897880.html,Core Program Coordinator
/eby/npo/5493873315.html,Funding Executive: Help fund Alternative Education
/sfc/npo/5493860236.html,Clincal Case Manager- ACT
/sfc/npo/5493859309.html,Clinical Case Manager- AJANI
/eby/npo/5493812602.html,Community Services Coordinator- Foster Care Youth / TAY Services
/nby/npo/5493801185.html,Adolescent Treatment Counselor
/nby/npo/5493769897.html,Nurse Consultant
/sfc/npo/5493736690.html,SF Ballet Individual Gifts Associate
/eby/npo/5493736307.html,Work for Amnesty International! Help Protect Human Rights!!!
/sfc/npo/5493722967.html,Assistant Director of Student Affairs
/eby/npo/5493703757.html,Event Coordinator Assistant intern
/eby/npo/5493700017.html,HR Director Assistant intern (053)
/sfc/npo/5493667670.html,Brand Ambassadors Wanted - Training Provided
/scz/npo/5493606545.html,DO SOMETHING THAT MATTERS: ADVANCE CIVIL RIGHTS! $10-$14/HR
/eby/npo/5493605318.html,"â˜…CAMPAIGN FOR CHOICE! GAIN EXPERIENCE, HAVE FUN, EARN $13-$17/hr"
/sfc/npo/5493592837.html,Volunteer Coordinator for Forest Protection Group
/nby/npo/5493543730.html,Compliance Officer
/pen/npo/5493031677.html,Healthy Participants needed for paid research
/pen/npo/5492949341.html,Immediate opening for experienced children's dance teacher. $50-100/hr
/sfc/npo/5492931779.html,Resource Development & Communications Coordinator
/sfc/npo/5492926805.html,Level 2 Technical Support
/nby/npo/5492926068.html,Coach - Passport to Independence
/nby/npo/5492914982.html,Flexible Hours Caregiving Position - Sonoma/Napa
/nby/npo/5492912818.html,Flexible Hours Caregiving Position - Santa Rosa
/nby/npo/5492910815.html,Make a Difference - Join our Team!
/sfc/npo/5492903002.html,Senior Accountant
/sfc/npo/5492894331.html,Full time with benefits - Guest Service position
/nby/npo/5492892255.html,Facilities Program Coordinator (Administrative Assistant)
/scz/npo/5492886841.html,Independent Living Skills Instructor
/pen/npo/5492879070.html,Donor & Volunteer Relations Coordinator
/eby/npo/5492865423.html,On Call Child Care Worker
/eby/npo/5492859321.html,Child Care Worker (part-time)
/nby/npo/5492851686.html,Canine Welfare/Neonatal Manager (Kennel Manager)
/sby/npo/5492848358.html,Cook -- Part Time -- 20 hours per week Monday - Friday
/eby/npo/5492838779.html,PROGRAM ASSISTANT- Spanish Speaking
/nby/npo/5492837476.html,Dog Placement Manager
/nby/npo/5492836635.html,Canine Behavior Specialist
/eby/npo/5492835737.html,House Manager
/sby/npo/5492833753.html,Home Care Worker 2015-14
/sby/npo/5492829205.html,DIRECT SUPPORT PROFESSIONAL $15/hr+full benefits- SJ-Morgan Hill
/sby/npo/5492825401.html,After School Instructor (CORAL) (2012-73)
/eby/npo/5492824443.html,MENTAL HEALTH PEER SUPPORT - AA OR HIGHER REQUIRED
/eby/npo/5492819195.html,Fremont Store Manager
/nby/npo/5492815220.html,Support Group Facilitator
/pen/npo/5492787620.html,Relief Residential Counselor
/scz/npo/5492786782.html,Crisis Intervention Advocate
/sfc/npo/5492777655.html,AOD Counselor
/eby/npo/5492768230.html,Galileo Learning looking for year-round Tech Museum program manager!
/sfc/npo/5492755615.html,Manager of Public Funding
/nby/npo/5492748516.html,Activity Instructor
/nby/npo/5492739754.html,Adolescent Residential Counselor
/sfc/npo/5492734918.html,Case Manager
/sfc/npo/5492731898.html,Associate Director of Principal Giving
/sfc/npo/5492726546.html,Child Development Specialist
/eby/npo/5492723548.html,Housing Coach/Housing Case Manager
/eby/npo/5492683306.html,COMMUNITY ENGAGEMENT FACILITATOR
/sfc/npo/5492675392.html,Monitor (Full Time) San Francisco Harbor Light Center Detox
/sfc/npo/5492671366.html,Monitor (Part Time 24 hours) San Francisco Harbor Light Center Detox
/sfc/npo/5492667151.html,Monitor (Part Time 16 hours) San Francisco Harbor Light Program
/eby/npo/5492659638.html,"Petition Gathering for Mental Heath, Social Services & Accountability"
/eby/npo/5492642750.html,PERSONAL SERVICES COORDINATOR - ASW or MFTi license required
/eby/npo/5492634483.html,Teacher's Aide (sub) Wanted
/sfc/npo/5492632067.html,Sunday Service Coordinator
/sfc/npo/5492628020.html,Part-Time Tutor
/sfc/npo/5492623094.html,Operations Manager
/eby/npo/5492612524.html,Mental Health Clinician (multiple openings)
/eby/npo/5492604363.html,"PROGRAM MANAGER - LCSW or MFT REQUIRED - $10,000 SIGN ON BONUS"
/eby/npo/5492600125.html,CAREER FAIR 3/18/2016
/sfc/npo/5492598546.html,MANAGER OF SYSTEMS AND DATA MANAGEMENT
/eby/npo/5492583066.html,Office Assistant
/sfc/npo/5492548152.html,Senior Compliance Manager
/sfc/npo/5492510411.html,CAMPAIGN JOBS TO INCREASE FUNDING FOR CANCER RESEARCH! $15-$17/ Hr
/nby/npo/5492505000.html,Youth Specialist
/sfc/npo/5492482529.html,Director of Marketing
/eby/npo/5492465933.html,Full-Time Dual Diagnosis Residential Counselor
/eby/npo/5492444893.html,CAMPAIGN TO HELP CALIFORNIA SCHOOLS!! EARN $563-$637 A WEEK!!
/scz/npo/5492436906.html,Community Organizer
/eby/npo/5492432151.html,Services & Activities Coordinator #2080
/eby/npo/5492402234.html,Assistant Property Manager #2082
/nby/npo/5492398145.html,"Program Manager for Shelter & Housing Dept., Napa"
/eby/npo/5492387495.html,Lead Teacher
/sfc/npo/5492351474.html,Executive Director
/eby/npo/5492330888.html,â˜®ACTIVISTS NEEDED FOR CAMPAIGN TO END HUNGER! $12.55-$15.50+ HOURLYâ˜®
